100 / 10-14-061-12 W5 / 0|ACCEL HOLDINGS CARSON 10-14-61-12   |10-14-061-12W5M|GAS FLOW|54.277546|-115.685753|company|Carson Creek|comment|Alberta
100 / 10-18-061-12 W5 / 0|ACCEL HOLDINGS CARSON 10-18-61-12   |10-18-061-12W5M|CR-OIL PUMP|54.278223|-115.78476|company|Carson Creek|comment|Alberta
100 / 10-02-061-12 W5 / 0|ACCEL HOLDINGS CARSON 10-2-61-12    |10-02-061-12W5M|GAS ABZONE|54.248336|-115.686298|company|Carson Creek|comment|Alberta
100 / 10-02-061-12 W5 / 2|ACCEL HOLDINGS CARSON 10-2-61-12    |10-02-061-12W5M|GAS FLOW|54.248336|-115.686298|company|Carson Creek|comment|Alberta
100 / 10-31-061-12 W5 / 0|ACCEL HOLDINGS CARSON 10-31-61-12   |10-31-061-12W5M|GAS SUSP|54.321336|-115.785508|company|Carson Creek|comment|Alberta
100 / 10-35-060-12 W5 / 0|ACCEL HOLDINGS CARSON 10-35-60-12   |10-35-060-12W5M|GAS FLOW|54.234305|-115.685728|company|Carson Creek|comment|Alberta
100 / 10-36-061-13 W5 / 0|ACCEL HOLDINGS CARSON 10-36-61-13   |10-36-061-13W5M|GAS SUSP|54.321645|-115.810273|company|Carson Creek|comment|Alberta
100 / 10-36-061-13 W5 / 2|ACCEL HOLDINGS CARSON 10-36-61-13   |10-36-061-13W5M|GAS SUSP|54.321645|-115.810273|company|Carson Creek|comment|Alberta
100 / 11-10-061-12 W5 / 0|ACCEL HOLDINGS CARSON 11-10-61-12   |11-10-061-12W5M|WATER ABZONE DISP|54.263129|-115.716927|company|Carson Creek|comment|Alberta
100 / 11-10-061-12 W5 / 2|ACCEL HOLDINGS CARSON 11-10-61-12   |11-10-061-12W5M|WATER ABZONE DISP|54.263129|-115.716927|company|Carson Creek|comment|Alberta
100 / 11-10-061-12 W5 / 3|ACCEL HOLDINGS CARSON 11-10-61-12   |11-10-061-12W5M|WATER ABD INJ|54.263129|-115.716927|company|Carson Creek|comment|Alberta
100 / 11-13-061-12 W5 / 0|ACCEL HOLDINGS CARSON 11-13-61-12   |11-13-061-12W5M|GAS FLOW|54.276595|-115.6682|company|Carson Creek|comment|Alberta
100 / 01-08-061-12 W5 / 2|ACCEL HOLDINGS CARSON 11-8-61-12    |11-08-061-12W5M||54.263848|-115.768189|company|Carson Creek|comment|Alberta
100 / 11-08-061-12 W5 / 0|ACCEL HOLDINGS CARSON 11-8-61-12    |11-08-061-12W5M|OBSERV|54.263848|-115.768189|company|Carson Creek|comment|Alberta
100 / 12-17-061-12 W5 / 0|ACCEL HOLDINGS CARSON 12-17-61-12   |01-19-061-12W5M|CR-OIL PUMP|54.28563|-115.779357|company|Carson Creek|comment|Alberta
100 / 12-18-061-12 W5 / 0|ACCEL HOLDINGS CARSON 12-18-61-12   |16-07-061-12W5M|CR-OIL PUMP|54.267261|-115.781448|company|Carson Creek|comment|Alberta
100 / 12-20-061-12 W5 / 0|ACCEL HOLDINGS CARSON 12-20-61-12   |02-20-061-12W5M|CR-OIL PUMP|54.283353|-115.761718|company|Carson Creek|comment|Alberta
100 / 12-28-061-12 W5 / 0|ACCEL HOLDINGS CARSON 12-28-61-12   |12-28-061-12W5M|GAS SUSP|54.308459|-115.745614|company|Carson Creek|comment|Alberta
100 / 12-09-061-12 W5 / 0|ACCEL HOLDINGS CARSON 12-9-61-12    |07-17-061-12W5M|CR-OIL PUMP|54.274103|-115.757887|company|Carson Creek|comment|Alberta
100 / 13-12-061-12 W5 / 0|ACCEL HOLDINGS CARSON 13-12-61-12   |13-12-061-12W5M|GAS SUSP|54.266771|-115.673223|company|Carson Creek|comment|Alberta
100 / 13-13-061-12 W5 / 0|ACCEL HOLDINGS CARSON 13-13-61-12   |13-13-061-12W5M|GAS SUSP|54.280488|-115.674161|company|Carson Creek|comment|Alberta
100 / 13-13-061-13 W5 / 0|ACCEL HOLDINGS CARSON 13-13-61-13   |02-13-061-13W5M|CR-OIL PUMP|54.27219|-115.808499|company|Carson Creek|comment|Alberta
100 / 01-19-061-12 W5 / 2|ACCEL HOLDINGS CARSON 13-19-61-12   |01-19-061-12W5M|ABDWHP|54.285727|-115.779617|company|Carson Creek|comment|Alberta
100 / 13-19-061-12 W5 / 0|ACCEL HOLDINGS CARSON 13-19-61-12   |01-19-061-12W5M|ABDWHP|54.285727|-115.779617|company|Carson Creek|comment|Alberta
100 / 13-19-061-12 W5 / 3|ACCEL HOLDINGS CARSON 13-19-61-12   |01-19-061-12W5M|CR-OIL PUMP|54.285727|-115.779617|company|Carson Creek|comment|Alberta
100 / 14-17-061-12 W5 / 0|ACCEL HOLDINGS CARSON 14-17-61-12   |07-17-061-12W5M|CR-OIL PUMP|54.27442|-115.758097|company|Carson Creek|comment|Alberta
100 / 15-13-061-13 W5 / 0|ACCEL HOLDINGS CARSON 15-13-61-13   |02-13-061-13W5M|CR-OIL PUMP|54.272369|-115.808501|company|Carson Creek|comment|Alberta
100 / 15-19-061-12 W5 / 0|ACCEL HOLDINGS CARSON 15-19-61-12   |01-19-061-12W5M|CR-OIL PUMP|54.285559|-115.779163|company|Carson Creek|comment|Alberta
100 / 15-20-061-12 W5 / 0|ACCEL HOLDINGS CARSON 15-20-61-12   |15-17-061-12W5M|CR-OIL SUSP|54.283138|-115.761246|company|Carson Creek|comment|Alberta
100 / 15-08-061-12 W5 / 0|ACCEL HOLDINGS CARSON 15-8-61-12    |04-09-061-12W5M|CR-OIL PUMP|54.255398|-115.747073|company|Carson Creek|comment|Alberta
100 / 16-14-061-12 W5 / 0|ACCEL HOLDINGS CARSON 16-14-61-12   |16-14-061-12W5M|GAS SUSP|54.282549|-115.682385|company|Carson Creek|comment|Alberta
100 / 16-16-061-12 W5 / 0|ACCEL HOLDINGS CARSON 16-16-61-12   |16-16-061-12W5M|GAS SUSP|54.279641|-115.728432|company|Carson Creek|comment|Alberta
100 / 16-02-061-12 W5 / 0|ACCEL HOLDINGS CARSON 16-2-61-12    |16-02-061-12W5M|GAS FLOW|54.25231|-115.679728|company|Carson Creek|comment|Alberta
100 / 16-22-061-12 W5 / 0|ACCEL HOLDINGS CARSON 16-22-61-12   |16-22-061-12W5M|GAS SUSP|54.296967|-115.702996|company|Carson Creek|comment|Alberta
100 / 16-24-061-13 W5 / 0|ACCEL HOLDINGS CARSON 16-24-61-13   |09-24-061-13W5M|ABDWHP|54.292974|-115.802333|company|Carson Creek|comment|Alberta
100 / 06-25-061-13 W5 / 2|ACCEL HOLDINGS CARSON 16-24-61-13   |09-24-061-13W5M|CR-OIL PUMP|54.292974|-115.802333|company|Carson Creek|comment|Alberta
100 / 16-33-061-12 W5 / 0|ACCEL HOLDINGS CARSON 16-33-61-12   |16-33-061-12W5M|WATER ABZONE INJ|54.324971|-115.730337|company|Carson Creek|comment|Alberta
100 / 16-33-061-12 W5 / 2|ACCEL HOLDINGS CARSON 16-33-61-12   |16-33-061-12W5M|WATER INJ|54.324971|-115.730337|company|Carson Creek|comment|Alberta
100 / 16-05-061-12 W5 / 0|ACCEL HOLDINGS CARSON 16-5-61-12    |11-08-061-12W5M|CR-OIL PUMP|54.263735|-115.768172|company|Carson Creek|comment|Alberta
102 / 16-05-061-12 W5 / 0|ACCEL HOLDINGS CARSON 16-5-61-12    |01-07-061-12W5M|CR-OIL PUMP|54.254131|-115.777719|company|Carson Creek|comment|Alberta
100 / 16-06-061-12 W5 / 0|ACCEL HOLDINGS CARSON 16-6-61-12    |16-06-061-12W5M|ABDWHP|54.254104|-115.777896|company|Carson Creek|comment|Alberta
100 / 11-07-061-12 W5 / 2|ACCEL HOLDINGS CARSON 16-6-61-12    |16-06-061-12W5M|CR-OIL SUSP|54.254104|-115.777896|company|Carson Creek|comment|Alberta
100 / 16-06-062-12 W5 / 0|ACCEL HOLDINGS CARSON 16-6-62-12    |16-06-062-12W5M|WATER ABZONE INJ|54.339593|-115.779742|company|Carson Creek|comment|Alberta
100 / 16-06-062-12 W5 / 2|ACCEL HOLDINGS CARSON 16-6-62-12    |16-06-062-12W5M|WATER SUSP INJ|54.339593|-115.779742|company|Carson Creek|comment|Alberta
100 / 16-07-061-12 W5 / 0|ACCEL HOLDINGS CARSON 16-7-61-12    |16-07-061-12W5M|CR-OIL SUSP|54.267266|-115.780528|company|Carson Creek|comment|Alberta
100 / 16-09-061-12 W5 / 0|ACCEL HOLDINGS CARSON 16-9-61-12    |04-16-061-12W5M|CR-OIL PUMP|54.269779|-115.747192|company|Carson Creek|comment|Alberta
100 / 02-13-061-12 W5 / 0|ACCEL HOLDINGS CARSON 2-13-61-12    |02-13-061-12W5M|GAS FLOW|54.272004|-115.66398|company|Carson Creek|comment|Alberta
100 / 02-19-061-12 W5 / 0|ACCEL HOLDINGS CARSON 2-19-61-12    |09-24-061-13W5M|CR-OIL PUMP|54.292993|-115.802152|company|Carson Creek|comment|Alberta
100 / 02-20-061-12 W5 / 0|ACCEL HOLDINGS CARSON 2-20-61-12    |02-20-061-12W5M|OBSERV|54.283287|-115.761556|company|Carson Creek|comment|Alberta
102 / 02-31-060-12 W5 / 0|ACCEL HOLDINGS CARSON 2-31-60-12    |02-31-060-12W5M|ABDWHP|54.225676|-115.784095|company|Carson Creek|comment|Alberta
102 / 02-31-060-12 W5 / 2|ACCEL HOLDINGS CARSON 2-31-60-12    |02-31-060-12W5M|ABDWHP|54.225676|-115.784095|company|Carson Creek|comment|Alberta
100 / 13-31-060-12 W5 / 3|ACCEL HOLDINGS CARSON 2-31-60-12    |02-31-060-12W5M|CR-OIL SUSP|54.225676|-115.784095|company|Carson Creek|comment|Alberta
100 / 03-31-060-12 W5 / 0|ACCEL HOLDINGS CARSON 3-31-60-12    |03-31-060-12W5M|ABZONE|54.225904|-115.791028|company|Carson Creek|comment|Alberta
100 / 03-08-061-12 W5 / 0|ACCEL HOLDINGS CARSON 3-8-61-12     |16-07-061-12W5M|CR-OIL PUMP|54.267261|-115.781138|company|Carson Creek|comment|Alberta
100 / 07-09-061-12 W5 / 2|ACCEL HOLDINGS CARSON 4-16-61-12    |04-16-061-12W5M|CR-OIL PUMP|54.269658|-115.747293|company|Carson Creek|comment|Alberta
100 / 04-16-061-12 W5 / 0|ACCEL HOLDINGS CARSON 4-16-61-12    |15-17-061-12W5M|CR-OIL PUMP|54.28322|-115.761428|company|Carson Creek|comment|Alberta
102 / 04-16-061-12 W5 / 0|ACCEL HOLDINGS CARSON 4-16-61-12    |04-16-061-12W5M|ABDWHP|54.269658|-115.747293|company|Carson Creek|comment|Alberta
100 / 04-19-061-12 W5 / 0|ACCEL HOLDINGS CARSON 4-19-61-12    |04-19-061-12W5M|ABDWHP|54.285008|-115.799829|company|Carson Creek|comment|Alberta
100 / 14-24-061-13 W5 / 2|ACCEL HOLDINGS CARSON 4-19-61-12    |04-19-061-12W5M|CR-OIL PUMP|54.285008|-115.799829|company|Carson Creek|comment|Alberta
100 / 07-16-061-12 W5 / 2|ACCEL HOLDINGS CARSON 4-21-61-12    |04-21-061-12W5M|CR-OIL PUMP|54.285068|-115.750381|company|Carson Creek|comment|Alberta
100 / 04-21-061-12 W5 / 0|ACCEL HOLDINGS CARSON 4-21-61-12    |04-21-061-12W5M|ABDWHP|54.285068|-115.750381|company|Carson Creek|comment|Alberta
100 / 04-28-061-12 W5 / 0|ACCEL HOLDINGS CARSON 4-28-61-12    |04-21-061-12W5M|CR-OIL PUMP|54.285292|-115.750381|company|Carson Creek|comment|Alberta
100 / 04-05-061-12 W5 / 0|ACCEL HOLDINGS CARSON 4-5-61-12     |16-06-061-12W5M|CR-OIL PUMP|54.254049|-115.778267|company|Carson Creek|comment|Alberta
100 / 04-07-061-12 W5 / 0|ACCEL HOLDINGS CARSON 4-7-61-12     |16-06-061-12W5M|CR-OIL PUMP|54.253993|-115.778638|company|Carson Creek|comment|Alberta
100 / 16-04-061-12 W5 / 2|ACCEL HOLDINGS CARSON 4-9-61-12     |04-09-061-12W5M|CR-OIL PUMP|54.255266|-115.747125|company|Carson Creek|comment|Alberta
100 / 04-09-061-12 W5 / 0|ACCEL HOLDINGS CARSON 4-9-61-12     |04-09-061-12W5M|ABDWHP|54.255266|-115.747125|company|Carson Creek|comment|Alberta
100 / 05-13-061-12 W5 / 0|ACCEL HOLDINGS CARSON 5-13-61-12    |05-13-061-12W5M|GAS SUSP|54.273077|-115.673088|company|Carson Creek|comment|Alberta
100 / 05-24-061-13 W5 / 0|ACCEL HOLDINGS CARSON 5-24-61-13    |04-19-061-12W5M|CR-OIL PUMP|54.28513|-115.79992|company|Carson Creek|comment|Alberta
100 / 07-17-061-12 W5 / 0|ACCEL HOLDINGS CARSON 7-17-61-12    |07-17-061-12W5M|GAS SUSP|54.274213|-115.757943|company|Carson Creek|comment|Alberta
100 / 07-18-061-12 W5 / 0|ACCEL HOLDINGS CARSON 7-18-61-12    |04-19-061-12W5M|CR-OIL PUMP|54.284846|-115.799694|company|Carson Creek|comment|Alberta
100 / 07-22-061-12 W5 / 0|ACCEL HOLDINGS CARSON 7-22-61-12    |07-22-061-12W5M|GAS STOR|54.289008|-115.710191|company|Carson Creek|comment|Alberta
100 / 07-23-061-12 W5 / 0|ACCEL HOLDINGS CARSON 7-23-61-12    |07-23-061-12W5M|GAS SUSP|54.287995|-115.687224|company|Carson Creek|comment|Alberta
100 / 07-28-061-12 W5 / 0|ACCEL HOLDINGS CARSON 7-28-61-12    |07-28-061-12W5M|GAS SUSP|54.303167|-115.735486|company|Carson Creek|comment|Alberta
100 / 08-14-061-12 W5 / 0|ACCEL HOLDINGS CARSON 8-14-61-12    |08-14-061-12W5M|GAS PUMP|54.275167|-115.679486|company|Carson Creek|comment|Alberta
100 / 08-23-061-12 W5 / 0|ACCEL HOLDINGS CARSON 8-23-61-12    |08-23-061-12W5M|GAS SUSP|54.287123|-115.680372|company|Carson Creek|comment|Alberta
100 / 09-11-061-12 W5 / 0|ACCEL HOLDINGS CARSON 9-11-61-12    |09-11-061-12W5M|GAS FLOW|54.263186|-115.678696|company|Carson Creek|comment|Alberta
100 / 09-18-061-12 W5 / 0|ACCEL HOLDINGS CARSON 9-18-61-12    |11-08-061-12W5M|CR-OIL PUMP|54.26395|-115.768172|company|Carson Creek|comment|Alberta
100 / 01-10-062-12 W5 / 0|ACCEL HOLDINGS CARSONN 1-10-62-12   |01-10-062-12W5M|CR-OIL SUSP|54.34428|-115.704066|company|Carson Creek|comment|Alberta
100 / 01-13-062-13 W5 / 0|ACCEL HOLDINGS CARSONN 1-13-62-13   |01-13-062-13W5M|WATER INJ|54.359112|-115.805434|company|Carson Creek|comment|Alberta
100 / 01-13-062-13 W5 / 2|ACCEL HOLDINGS CARSONN 1-13-62-13   |01-13-062-13W5M|WATER SUSP INJ|54.359112|-115.805434|company|Carson Creek|comment|Alberta
100 / 01-14-062-13 W5 / 0|ACCEL HOLDINGS CARSONN 1-14-62-13   |01-14-062-13W5M|WATER INJ|54.358658|-115.830408|company|Carson Creek|comment|Alberta
100 / 01-14-062-13 W5 / 2|ACCEL HOLDINGS CARSONN 1-14-62-13   |01-14-062-13W5M|WATER SUSP INJ|54.358658|-115.830408|company|Carson Creek|comment|Alberta
100 / 01-18-062-12 W5 / 0|ACCEL HOLDINGS CARSONN 1-18-62-12   |01-18-062-12W5M|CR-OIL SUSP|54.356886|-115.780964|company|Carson Creek|comment|Alberta
100 / 01-31-061-11 W5 / 0|ACCEL HOLDINGS CARSONN 1-31-61-11   |13-32-061-11W5M|CR-OIL SUSP|54.323589|-115.623911|company|Carson Creek|comment|Alberta
100 / 10-01-062-12 W5 / 0|ACCEL HOLDINGS CARSONN 10-1-62-12   |10-01-062-12W5M|CR-OIL PUMP|54.336109|-115.658984|company|Carson Creek|comment|Alberta
100 / 10-11-062-12 W5 / 0|ACCEL HOLDINGS CARSONN 10-11-62-12  |10-11-062-12W5M|CR-OIL PUMP|54.350027|-115.688164|company|Carson Creek|comment|Alberta
100 / 10-03-062-12 W5 / 0|ACCEL HOLDINGS CARSONN 10-3-62-12   |10-03-062-12W5M|CR-OIL PUMP|54.336138|-115.711894|company|Carson Creek|comment|Alberta
100 / 11-18-062-12 W5 / 0|ACCEL HOLDINGS CARSONN 11-18-62-12  |11-18-062-12W5M|WATER INJ|54.366517|-115.792235|company|Carson Creek|comment|Alberta
100 / 11-18-062-12 W5 / 2|ACCEL HOLDINGS CARSONN 11-18-62-12  |11-18-062-12W5M|COMM|54.366517|-115.792235|company|Carson Creek|comment|Alberta
100 / 11-07-062-12 W5 / 0|ACCEL HOLDINGS CARSONN 11-7-62-12   |11-07-062-12W5M|CR-OIL SUSP|54.350561|-115.794903|company|Carson Creek|comment|Alberta
100 / 12-11-062-12 W5 / 0|ACCEL HOLDINGS CARSONN 12-11-62-12  |12-11-062-12W5M|CR-OIL PUMP|54.348941|-115.697541|company|Carson Creek|comment|Alberta
100 / 12-12-062-12 W5 / 0|ACCEL HOLDINGS CARSONN 12-12-62-12  |12-12-062-12W5M|CR-OIL PUMP|54.348819|-115.67608|company|Carson Creek|comment|Alberta
102 / 12-12-062-12 W5 / 0|ACCEL HOLDINGS CARSONN 12-12-62-12  |12-12-062-12W5M|CR-OIL SUSP|54.349722|-115.676065|company|Carson Creek|comment|Alberta
100 / 12-06-062-11 W5 / 0|ACCEL HOLDINGS CARSONN 12-6-62-11   |12-06-062-11W5M|CR-OIL FLOW|54.336991|-115.645316|company|Carson Creek|comment|Alberta
100 / 12-07-062-11 W5 / 0|ACCEL HOLDINGS CARSONN 12-7-62-11   |12-07-062-11W5M|CR-OIL ABZONE|54.349559|-115.649889|company|Carson Creek|comment|Alberta
100 / 13-07-062-12 W5 / 0|ACCEL HOLDINGS CARSONN 13-7-62-12   |13-07-062-12W5M|CR-OIL SUSP|54.353063|-115.79822|company|Carson Creek|comment|Alberta
100 / 14-01-062-12 W5 / 0|ACCEL HOLDINGS CARSONN 14-1-62-12   |14-01-062-12W5M|ABDWHP|54.338668|-115.667383|company|Carson Creek|comment|Alberta
100 / 14-01-062-12 W5 / 2|ACCEL HOLDINGS CARSONN 14-1-62-12   |14-01-062-12W5M|CR-OIL PUMP|54.338668|-115.667383|company|Carson Creek|comment|Alberta
100 / 14-11-062-12 W5 / 0|ACCEL HOLDINGS CARSONN 14-11-62-12  |14-11-062-12W5M|CR-OIL SUSP|54.353212|-115.693579|company|Carson Creek|comment|Alberta
100 / 14-11-062-12 W5 / 2|ACCEL HOLDINGS CARSONN 14-11-62-12  |14-11-062-12W5M|CR-OIL ABZONE|54.353212|-115.693579|company|Carson Creek|comment|Alberta
100 / 14-11-062-13 W5 / 0|ACCEL HOLDINGS CARSONN 14-11-62-13  |14-11-062-13W5M|WATER ABZONE INJ|54.352792|-115.843348|company|Carson Creek|comment|Alberta
100 / 14-12-062-13 W5 / 0|ACCEL HOLDINGS CARSONN 14-12-62-13  |14-12-062-13W5M|CR-OIL ABZONE|54.353554|-115.818016|company|Carson Creek|comment|Alberta
100 / 14-12-062-13 W5 / 2|ACCEL HOLDINGS CARSONN 14-12-62-13  |14-12-062-13W5M|CR-OIL SUSP|54.353554|-115.818016|company|Carson Creek|comment|Alberta
100 / 14-15-062-12 W5 / 0|ACCEL HOLDINGS CARSONN 14-15-62-12  |14-15-062-12W5M|CR-OIL PUMP|54.368435|-115.718275|company|Carson Creek|comment|Alberta
100 / 14-16-062-12 W5 / 0|ACCEL HOLDINGS CARSONN 14-16-62-12  |14-16-062-12W5M|CR-OIL SUSP|54.368011|-115.743765|company|Carson Creek|comment|Alberta
100 / 14-16-062-12 W5 / 2|ACCEL HOLDINGS CARSONN 14-16-62-12  |14-16-062-12W5M|CR-OIL SUSP|54.368011|-115.743765|company|Carson Creek|comment|Alberta
100 / 14-17-062-12 W5 / 0|ACCEL HOLDINGS CARSONN 14-17-62-12  |14-17-062-12W5M|CR-OIL PUMP|54.369163|-115.765677|company|Carson Creek|comment|Alberta
100 / 14-17-062-12 W5 / 2|ACCEL HOLDINGS CARSONN 14-17-62-12  |14-17-062-12W5M||54.369163|-115.765677|company|Carson Creek|comment|Alberta
100 / 14-02-062-12 W5 / 0|ACCEL HOLDINGS CARSONN 14-2-62-12   |14-02-062-12W5M|WATER SUSP INJ|54.339096|-115.693227|company|Carson Creek|comment|Alberta
100 / 14-02-062-12 W5 / 2|ACCEL HOLDINGS CARSONN 14-2-62-12   |14-02-062-12W5M|WATER INJ|54.339096|-115.693227|company|Carson Creek|comment|Alberta
100 / 14-03-062-12 W5 / 0|ACCEL HOLDINGS CARSONN 14-3-62-12   |14-03-062-12W5M|WATER ABZONE INJ|54.338942|-115.71903|company|Carson Creek|comment|Alberta
100 / 14-03-062-12 W5 / 2|ACCEL HOLDINGS CARSONN 14-3-62-12   |14-03-062-12W5M|CR-OIL PUMP|54.338942|-115.71903|company|Carson Creek|comment|Alberta
100 / 14-30-061-11 W5 / 0|ACCEL HOLDINGS CARSONN 14-30-61-11  |06-31-061-11W5M|ABZONE|54.317742|-115.641563|company|Carson Creek|comment|Alberta
100 / 14-05-062-11 W5 / 0|ACCEL HOLDINGS CARSONN 14-5-62-11   |14-05-062-11W5M|ABZONE|54.338272|-115.618618|company|Carson Creek|comment|Alberta
100 / 14-05-062-11 W5 / 2|ACCEL HOLDINGS CARSONN 14-5-62-11   |14-05-062-11W5M|GAS ABZONE|54.338272|-115.618618|company|Carson Creek|comment|Alberta
100 / 15-03-062-12 W5 / 0|ACCEL HOLDINGS CARSONN 15-3-62-12   |15-03-062-12W5M|CR-OIL PUMP|54.339134|-115.713337|company|Carson Creek|comment|Alberta
102 / 14-05-062-11 W5 / 2|ACCEL HOLDINGS CARSONN 15-5-62-11   |15-05-062-11W5M|CR-OIL SUSP|54.33848|-115.611989|company|Carson Creek|comment|Alberta
100 / 15-05-062-11 W5 / 0|ACCEL HOLDINGS CARSONN 15-5-62-11   |15-05-062-11W5M|ABDWHP|54.33848|-115.611989|company|Carson Creek|comment|Alberta
100 / 16-01-062-12 W5 / 0|ACCEL HOLDINGS CARSONN 16-1-62-12   |16-01-062-12W5M|CR-OIL PUMP|54.339602|-115.654713|company|Carson Creek|comment|Alberta
100 / 16-01-062-12 W5 / 2|ACCEL HOLDINGS CARSONN 16-1-62-12   |16-01-062-12W5M|COMM|54.339602|-115.654713|company|Carson Creek|comment|Alberta
100 / 16-10-062-12 W5 / 0|ACCEL HOLDINGS CARSONN 16-10-62-12  |16-10-062-12W5M|CR-OIL ABZONE|54.353629|-115.70424|company|Carson Creek|comment|Alberta
100 / 16-10-062-12 W5 / 2|ACCEL HOLDINGS CARSONN 16-10-62-12  |16-10-062-12W5M|WATER INJ|54.353629|-115.70424|company|Carson Creek|comment|Alberta
100 / 16-11-062-12 W5 / 0|ACCEL HOLDINGS CARSONN 16-11-62-12  |16-11-062-12W5M|CR-OIL SUSP|54.354063|-115.679708|company|Carson Creek|comment|Alberta
100 / 16-11-062-12 W5 / 2|ACCEL HOLDINGS CARSONN 16-11-62-12  |16-11-062-12W5M|COMM|54.354063|-115.679708|company|Carson Creek|comment|Alberta
100 / 16-12-062-12 W5 / 0|ACCEL HOLDINGS CARSONN 16-12-62-12  |16-12-062-12W5M|CR-OIL ABD|54.353397|-115.655844|company|Carson Creek|comment|Alberta
100 / 16-12-062-13 W5 / 0|ACCEL HOLDINGS CARSONN 16-12-62-13  |16-12-062-13W5M|CR-OIL SUSP|54.354028|-115.80225|company|Carson Creek|comment|Alberta
100 / 16-16-062-12 W5 / 0|ACCEL HOLDINGS CARSONN 16-16-62-12  |16-16-062-12W5M|CR-OIL PUMP|54.368581|-115.729474|company|Carson Creek|comment|Alberta
100 / 16-17-062-12 W5 / 0|ACCEL HOLDINGS CARSONN 16-17-62-12  |16-17-062-12W5M|CR-OIL SUSP|54.368449|-115.755315|company|Carson Creek|comment|Alberta
100 / 16-17-062-12 W5 / 2|ACCEL HOLDINGS CARSONN 16-17-62-12  |16-17-062-12W5M|CR-OIL PUMP|54.368449|-115.755315|company|Carson Creek|comment|Alberta
100 / 16-18-062-12 W5 / 0|ACCEL HOLDINGS CARSONN 16-18-62-12  |16-18-062-12W5M|CR-OIL SUSP|54.367233|-115.78073|company|Carson Creek|comment|Alberta
100 / 16-18-062-12 W5 / 2|ACCEL HOLDINGS CARSONN 16-18-62-12  |16-18-062-12W5M|WATER SUSP INJ|54.367233|-115.78073|company|Carson Creek|comment|Alberta
100 / 16-02-062-12 W5 / 0|ACCEL HOLDINGS CARSONN 16-2-62-12   |16-02-062-12W5M|WATER INJ|54.339574|-115.679636|company|Carson Creek|comment|Alberta
100 / 16-02-062-12 W5 / 2|ACCEL HOLDINGS CARSONN 16-2-62-12   |16-02-062-12W5M|CR-OIL SUSP|54.339574|-115.679636|company|Carson Creek|comment|Alberta
100 / 16-03-062-12 W5 / 0|ACCEL HOLDINGS CARSONN 16-3-62-12   |16-03-062-12W5M|CR-OIL SUSP|54.33961|-115.704089|company|Carson Creek|comment|Alberta
100 / 16-03-062-12 W5 / 2|ACCEL HOLDINGS CARSONN 16-3-62-12   |16-03-062-12W5M|CR-OIL PUMP|54.33961|-115.704089|company|Carson Creek|comment|Alberta
100 / 16-31-061-11 W5 / 0|ACCEL HOLDINGS CARSONN 16-31-61-11  |16-31-061-11W5M|CR-OIL ABZONE|54.324722|-115.629176|company|Carson Creek|comment|Alberta
100 / 16-31-061-11 W5 / 2|ACCEL HOLDINGS CARSONN 16-31-61-11  |16-31-061-11W5M|GAS ABZONE|54.324722|-115.629176|company|Carson Creek|comment|Alberta
100 / 16-31-061-11 W5 / 3|ACCEL HOLDINGS CARSONN 16-31-61-11  |16-31-061-11W5M|GAS ABD|54.324722|-115.629176|company|Carson Creek|comment|Alberta
100 / 16-34-061-12 W5 / 0|ACCEL HOLDINGS CARSONN 16-34-61-12  |16-34-061-12W5M|WATER INJ|54.324943|-115.704248|company|Carson Creek|comment|Alberta
100 / 16-34-061-12 W5 / 2|ACCEL HOLDINGS CARSONN 16-34-61-12  |16-34-061-12W5M|CR-OIL SUSP|54.324943|-115.704248|company|Carson Creek|comment|Alberta
100 / 16-35-061-12 W5 / 0|ACCEL HOLDINGS CARSONN 16-35-61-12  |16-35-061-12W5M|CR-OIL ABDWHP|54.325078|-115.679967|company|Carson Creek|comment|Alberta
100 / 16-35-061-12 W5 / 2|ACCEL HOLDINGS CARSONN 16-35-61-12  |16-35-061-12W5M|CR-OIL ABZONE|54.325078|-115.679967|company|Carson Creek|comment|Alberta
100 / 12-36-061-12 W5 / 4|ACCEL HOLDINGS CARSONN 16-35-61-12  |16-35-061-12W5M|WATER INJ|54.325078|-115.679967|company|Carson Creek|comment|Alberta
1W0 / 12-36-061-12 W5 / 3|ACCEL HOLDINGS CARSONN 16-35-61-12  |16-35-061-12W5M|ABDWHP|54.325078|-115.679967|company|Carson Creek|comment|Alberta
100 / 16-36-061-12 W5 / 0|ACCEL HOLDINGS CARSONN 16-36-61-12  |16-36-061-12W5M|CR-OIL SUSP|54.325006|-115.654675|company|Carson Creek|comment|Alberta
100 / 16-36-061-12 W5 / 2|ACCEL HOLDINGS CARSONN 16-36-61-12  |16-36-061-12W5M|CR-OIL SUSP|54.325006|-115.654675|company|Carson Creek|comment|Alberta
100 / 16-04-062-12 W5 / 0|ACCEL HOLDINGS CARSONN 16-4-62-12   |16-04-062-12W5M|CR-OIL PUMP|54.33987|-115.72926|company|Carson Creek|comment|Alberta
100 / 16-04-062-12 W5 / 2|ACCEL HOLDINGS CARSONN 16-4-62-12   |16-04-062-12W5M|CR-OIL SUSP|54.33987|-115.72926|company|Carson Creek|comment|Alberta
100 / 16-05-062-12 W5 / 0|ACCEL HOLDINGS CARSONN 16-5-62-12   |16-05-062-12W5M|CR-OIL ABZONE|54.339594|-115.754708|company|Carson Creek|comment|Alberta
100 / 16-05-062-12 W5 / 2|ACCEL HOLDINGS CARSONN 16-5-62-12   |16-05-062-12W5M|WATER INJ|54.339594|-115.754708|company|Carson Creek|comment|Alberta
100 / 16-06-062-11 W5 / 0|ACCEL HOLDINGS CARSONN 16-6-62-11   |16-06-062-11W5M|CR-OIL ABZONE|54.339642|-115.629753|company|Carson Creek|comment|Alberta
100 / 02-10-062-12 W5 / 0|ACCEL HOLDINGS CARSONN 2-10-62-12   |02-10-062-12W5M|CR-OIL FLOW|54.343299|-115.711478|company|Carson Creek|comment|Alberta
100 / 02-11-062-12 W5 / 0|ACCEL HOLDINGS CARSONN 2-11-62-12   |02-11-062-12W5M|CR-OIL PUMP|54.343463|-115.686059|company|Carson Creek|comment|Alberta
100 / 02-12-062-12 W5 / 0|ACCEL HOLDINGS CARSONN 2-12-62-12   |02-12-062-12W5M|CR-OIL PUMP|54.342311|-115.663444|company|Carson Creek|comment|Alberta
100 / 02-20-062-12 W5 / 0|ACCEL HOLDINGS CARSONN 2-20-62-12   |01-20-062-12W5M|CR-OIL SUSP|54.371544|-115.755027|company|Carson Creek|comment|Alberta
100 / 02-05-062-11 W5 / 0|ACCEL HOLDINGS CARSONN 2-5-62-11    |11-32-061-11W5M|CR-OIL PUMP|54.319996|-115.616923|company|Carson Creek|comment|Alberta
100 / 02-09-062-12 W5 / 0|ACCEL HOLDINGS CARSONN 2-9-62-12    |02-09-062-12W5M|CR-OIL PUMP|54.344732|-115.736814|company|Carson Creek|comment|Alberta
100 / 03-01-062-12 W5 / 0|ACCEL HOLDINGS CARSONN 3-1-62-12    |03-01-062-12W5M|CR-OIL PUMP|54.328946|-115.664542|company|Carson Creek|comment|Alberta
100 / 03-13-062-13 W5 / 0|ACCEL HOLDINGS CARSONN 3-13-62-13   |03-13-062-13W5M|WATER SUSP INJ|54.357958|-115.817402|company|Carson Creek|comment|Alberta
100 / 03-13-062-13 W5 / 2|ACCEL HOLDINGS CARSONN 3-13-62-13   |03-13-062-13W5M|WATER SUSP INJ|54.357958|-115.817402|company|Carson Creek|comment|Alberta
100 / 03-18-062-12 W5 / 0|ACCEL HOLDINGS CARSONN 3-18-62-12   |03-18-062-12W5M|CR-OIL SUSP|54.356709|-115.790523|company|Carson Creek|comment|Alberta
100 / 03-06-062-11 W5 / 0|ACCEL HOLDINGS CARSONN 3-6-62-11    |03-06-062-11W5M|CR-OIL PUMP|54.327197|-115.644356|company|Carson Creek|comment|Alberta
100 / 04-10-062-12 W5 / 0|ACCEL HOLDINGS CARSONN 4-10-62-12   |04-10-062-12W5M|CR-OIL PUMP|54.344117|-115.721379|company|Carson Creek|comment|Alberta
100 / 15-02-062-12 W5 / 2|ACCEL HOLDINGS CARSONN 4-11-62-12   |04-11-062-12W5M|CR-OIL SUSP|54.344133|-115.698388|company|Carson Creek|comment|Alberta
100 / 04-11-062-12 W5 / 0|ACCEL HOLDINGS CARSONN 4-11-62-12   |04-11-062-12W5M|CR-OIL ABZONE|54.344133|-115.698388|company|Carson Creek|comment|Alberta
100 / 04-12-062-12 W5 / 0|ACCEL HOLDINGS CARSONN 4-12-62-12   |04-12-062-12W5M|CR-OIL FLOW|54.344199|-115.672565|company|Carson Creek|comment|Alberta
100 / 04-13-062-12 W5 / 0|ACCEL HOLDINGS CARSONN 4-13-62-12   |04-13-062-12W5M|CR-OIL SUSP|54.356896|-115.674871|company|Carson Creek|comment|Alberta
100 / 04-13-062-12 W5 / 2|ACCEL HOLDINGS CARSONN 4-13-62-12   |04-13-062-12W5M|WATER INJ|54.356896|-115.674871|company|Carson Creek|comment|Alberta
100 / 05-10-062-12 W5 / 0|ACCEL HOLDINGS CARSONN 5-10-62-12   |05-10-062-12W5M|CR-OIL PUMP|54.346854|-115.723313|company|Carson Creek|comment|Alberta
100 / 05-11-062-12 W5 / 0|ACCEL HOLDINGS CARSONN 5-11-62-12   |05-11-062-12W5M|CR-OIL PUMP|54.346455|-115.700693|company|Carson Creek|comment|Alberta
100 / 05-32-061-11 W5 / 0|ACCEL HOLDINGS CARSONN 5-32-61-11   |11-32-061-11W5M|CR-OIL PUMP|54.320012|-115.617012|company|Carson Creek|comment|Alberta
100 / 05-06-062-11 W5 / 0|ACCEL HOLDINGS CARSONN 5-6-62-11    |05-06-062-11W5M|CR-OIL PUMP|54.331708|-115.648935|company|Carson Creek|comment|Alberta
100 / 05-06-062-11 W5 / 2|ACCEL HOLDINGS CARSONN 5-6-62-11    |05-06-062-11W5M|DRL&C|54.331708|-115.648935|company|Carson Creek|comment|Alberta
100 / 06-01-062-12 W5 / 0|ACCEL HOLDINGS CARSONN 6-1-62-12    |06-01-062-12W5M|CR-OIL SUSP|54.332399|-115.667019|company|Carson Creek|comment|Alberta
100 / 06-01-062-12 W5 / 2|ACCEL HOLDINGS CARSONN 6-1-62-12    |06-01-062-12W5M|CR-OIL SUSP|54.332399|-115.667019|company|Carson Creek|comment|Alberta
100 / 06-10-062-12 W5 / 0|ACCEL HOLDINGS CARSONN 6-10-62-12   |06-10-062-12W5M|CR-OIL SUSP|54.346845|-115.717038|company|Carson Creek|comment|Alberta
100 / 06-10-062-12 W5 / 2|ACCEL HOLDINGS CARSONN 6-10-62-12   |06-10-062-12W5M|CR-OIL SUSP|54.346845|-115.717038|company|Carson Creek|comment|Alberta
100 / 06-11-062-12 W5 / 0|ACCEL HOLDINGS CARSONN 6-11-62-12   |06-11-062-12W5M|WATER INJ|54.346844|-115.691713|company|Carson Creek|comment|Alberta
100 / 06-11-062-12 W5 / 2|ACCEL HOLDINGS CARSONN 6-11-62-12   |06-11-062-12W5M|CR-OIL SUSP|54.346844|-115.691713|company|Carson Creek|comment|Alberta
100 / 06-11-062-13 W5 / 0|ACCEL HOLDINGS CARSONN 6-11-62-13   |06-11-062-13W5M|WATER SUSP INJ|54.345667|-115.843579|company|Carson Creek|comment|Alberta
100 / 06-11-062-13 W5 / 2|ACCEL HOLDINGS CARSONN 6-11-62-13   |06-11-062-13W5M|WATER SUSP INJ|54.345667|-115.843579|company|Carson Creek|comment|Alberta
100 / 06-12-062-12 W5 / 0|ACCEL HOLDINGS CARSONN 6-12-62-12   |06-12-062-12W5M|CR-OIL ABZONE|54.346825|-115.667092|company|Carson Creek|comment|Alberta
100 / 06-12-062-12 W5 / 2|ACCEL HOLDINGS CARSONN 6-12-62-12   |06-12-062-12W5M|CR-OIL ABD|54.346825|-115.667092|company|Carson Creek|comment|Alberta
100 / 06-12-062-13 W5 / 0|ACCEL HOLDINGS CARSONN 6-12-62-13   |06-12-062-13W5M|CR-OIL SUSP|54.346274|-115.817975|company|Carson Creek|comment|Alberta
100 / 06-14-062-12 W5 / 0|ACCEL HOLDINGS CARSONN 6-14-62-12   |06-14-062-12W5M|CR-OIL SUSP|54.360802|-115.691911|company|Carson Creek|comment|Alberta
100 / 06-15-062-12 W5 / 0|ACCEL HOLDINGS CARSONN 6-15-62-12   |06-15-062-12W5M|WATER INJ|54.360743|-115.715775|company|Carson Creek|comment|Alberta
100 / 06-16-062-12 W5 / 0|ACCEL HOLDINGS CARSONN 6-16-62-12   |06-16-062-12W5M|CR-OIL ABDWHP|54.361165|-115.742044|company|Carson Creek|comment|Alberta
100 / 12-16-062-12 W5 / 2|ACCEL HOLDINGS CARSONN 6-16-62-12   |06-16-062-12W5M|CR-OIL ABD|54.361165|-115.742044|company|Carson Creek|comment|Alberta
100 / 06-17-062-12 W5 / 0|ACCEL HOLDINGS CARSONN 6-17-62-12   |06-17-062-12W5M|CR-OIL ABZONE|54.361472|-115.767219|company|Carson Creek|comment|Alberta
100 / 06-17-062-12 W5 / 2|ACCEL HOLDINGS CARSONN 6-17-62-12   |06-17-062-12W5M|CR-OIL PUMP|54.361472|-115.767219|company|Carson Creek|comment|Alberta
100 / 06-02-062-12 W5 / 0|ACCEL HOLDINGS CARSONN 6-2-62-12    |06-02-062-12W5M|CR-OIL PUMP|54.332738|-115.691291|company|Carson Creek|comment|Alberta
100 / 06-02-062-12 W5 / 2|ACCEL HOLDINGS CARSONN 6-2-62-12    |06-02-062-12W5M|CR-OIL SUSP|54.332738|-115.691291|company|Carson Creek|comment|Alberta
100 / 06-20-062-12 W5 / 0|ACCEL HOLDINGS CARSONN 6-20-62-12   |06-20-062-12W5M|ABD|54.375775|-115.76659|company|Carson Creek|comment|Alberta
100 / 06-21-062-12 W5 / 0|ACCEL HOLDINGS CARSONN 6-21-62-12   |06-21-062-12W5M|ABD|54.375937|-115.74099|company|Carson Creek|comment|Alberta
100 / 04-22-062-12 W5 / 0|ACCEL HOLDINGS CARSONN 6-22-62-12   |04-22-062-12W5M|ABDWHP|54.372925|-115.722331|company|Carson Creek|comment|Alberta
100 / 06-22-062-12 W5 / 0|ACCEL HOLDINGS CARSONN 6-22-62-12   |04-22-062-12W5M|CR-OIL SUSP|54.372925|-115.722331|company|Carson Creek|comment|Alberta
100 / 06-03-062-12 W5 / 0|ACCEL HOLDINGS CARSONN 6-3-62-12    |06-03-062-12W5M|WATER INJ|54.332498|-115.717268|company|Carson Creek|comment|Alberta
100 / 06-03-062-12 W5 / 2|ACCEL HOLDINGS CARSONN 6-3-62-12    |06-03-062-12W5M|COMM|54.332498|-115.717268|company|Carson Creek|comment|Alberta
100 / 06-31-061-11 W5 / 0|ACCEL HOLDINGS CARSONN 6-31-61-11   |06-31-061-11W5M|WATER INJ|54.317714|-115.641958|company|Carson Creek|comment|Alberta
102 / 06-31-061-11 W5 / 0|ACCEL HOLDINGS CARSONN 6-31-61-11   |11-31-061-11W5M|ABD|54.321055|-115.639378|company|Carson Creek|comment|Alberta
103 / 06-31-061-11 W5 / 0|ACCEL HOLDINGS CARSONN 6-31-61-11   |11-31-061-11W5M|CR-OIL FLOW|54.320981|-115.639316|company|Carson Creek|comment|Alberta
100 / 06-32-061-11 W5 / 0|ACCEL HOLDINGS CARSONN 6-32-61-11   |06-32-061-11W5M|CR-OIL ABD|54.31775|-115.616834|company|Carson Creek|comment|Alberta
100 / 06-34-061-12 W5 / 0|ACCEL HOLDINGS CARSONN 6-34-61-12   |06-34-061-12W5M|WATER INJ|54.317753|-115.717031|company|Carson Creek|comment|Alberta
100 / 06-34-061-12 W5 / 2|ACCEL HOLDINGS CARSONN 6-34-61-12   |06-34-061-12W5M|WATER ABZONE INJ|54.317753|-115.717031|company|Carson Creek|comment|Alberta
100 / 06-35-061-12 W5 / 0|ACCEL HOLDINGS CARSONN 6-35-61-12   |06-35-061-12W5M|WATER SUSP INJ|54.317751|-115.69172|company|Carson Creek|comment|Alberta
100 / 06-35-061-12 W5 / 2|ACCEL HOLDINGS CARSONN 6-35-61-12   |06-35-061-12W5M|WATER INJ|54.317751|-115.69172|company|Carson Creek|comment|Alberta
100 / 06-36-061-12 W5 / 0|ACCEL HOLDINGS CARSONN 6-36-61-12   |06-36-061-12W5M|WATER ABD INJ|54.317765|-115.667023|company|Carson Creek|comment|Alberta
100 / 06-36-061-12 W5 / 2|ACCEL HOLDINGS CARSONN 6-36-61-12   |06-36-061-12W5M|COMM|54.317765|-115.667023|company|Carson Creek|comment|Alberta
100 / 06-04-062-12 W5 / 0|ACCEL HOLDINGS CARSONN 6-4-62-12    |06-04-062-12W5M|WATER ABZONE INJ|54.332364|-115.742017|company|Carson Creek|comment|Alberta
100 / 06-04-062-12 W5 / 2|ACCEL HOLDINGS CARSONN 6-4-62-12    |06-04-062-12W5M|WATER INJ|54.332364|-115.742017|company|Carson Creek|comment|Alberta
100 / 06-05-062-11 W5 / 0|ACCEL HOLDINGS CARSONN 6-5-62-11    |06-05-062-11W5M|CR-OIL PUMP|54.332337|-115.615861|company|Carson Creek|comment|Alberta
100 / 06-05-062-12 W5 / 0|ACCEL HOLDINGS CARSONN 6-5-62-12    |06-05-062-12W5M|WATER INJ|54.332374|-115.767009|company|Carson Creek|comment|Alberta
100 / 06-06-062-11 W5 / 0|ACCEL HOLDINGS CARSONN 6-6-62-11    |06-06-062-11W5M|CR-OIL FLOW|54.332102|-115.642053|company|Carson Creek|comment|Alberta
100 / 06-06-062-11 W5 / 2|ACCEL HOLDINGS CARSONN 6-6-62-11    |06-06-062-11W5M|COMM|54.332102|-115.642053|company|Carson Creek|comment|Alberta
100 / 06-07-062-11 W5 / 0|ACCEL HOLDINGS CARSONN 6-7-62-11    |06-07-062-11W5M|WATER SUSP INJ|54.346827|-115.642158|company|Carson Creek|comment|Alberta
100 / 06-08-062-12 W5 / 0|ACCEL HOLDINGS CARSONN 6-8-62-12    |06-08-062-12W5M|WATER ABZONE INJ|54.346833|-115.767037|company|Carson Creek|comment|Alberta
100 / 06-08-062-12 W5 / 2|ACCEL HOLDINGS CARSONN 6-8-62-12    |06-08-062-12W5M|WATER INJ|54.346833|-115.767037|company|Carson Creek|comment|Alberta
100 / 06-09-062-12 W5 / 0|ACCEL HOLDINGS CARSONN 6-9-62-12    |06-09-062-12W5M|CR-OIL SUSP|54.346805|-115.741108|company|Carson Creek|comment|Alberta
100 / 06-09-062-12 W5 / 2|ACCEL HOLDINGS CARSONN 6-9-62-12    |06-09-062-12W5M|CR-OIL SUSP|54.346805|-115.741108|company|Carson Creek|comment|Alberta
102 / 06-09-062-12 W5 / 0|ACCEL HOLDINGS CARSONN 6-9-62-12    |06-09-062-12W5M|CR-OIL PUMP|54.34604|-115.739846|company|Carson Creek|comment|Alberta
100 / 07-10-062-12 W5 / 0|ACCEL HOLDINGS CARSONN 7-10-62-12   |07-10-062-12W5M|CR-OIL PUMP|54.34603|-115.711158|company|Carson Creek|comment|Alberta
100 / 07-11-062-12 W5 / 0|ACCEL HOLDINGS CARSONN 7-11-62-12   |07-11-062-12W5M|CR-OIL PUMP|54.34751|-115.684573|company|Carson Creek|comment|Alberta
100 / 07-18-062-12 W5 / 0|ACCEL HOLDINGS CARSONN 7-18-62-12   |07-18-062-12W5M|CR-OIL SUSP|54.360757|-115.78585|company|Carson Creek|comment|Alberta
100 / 08-01-062-12 W5 / 0|ACCEL HOLDINGS CARSONN 8-1-62-12    |08-01-062-12W5M|CR-OIL FLOW|54.333287|-115.656977|company|Carson Creek|comment|Alberta
100 / 08-01-062-12 W5 / 2|ACCEL HOLDINGS CARSONN 8-1-62-12    |08-01-062-12W5M|DRL&C|54.333287|-115.656977|company|Carson Creek|comment|Alberta
100 / 08-11-062-12 W5 / 0|ACCEL HOLDINGS CARSONN 8-11-62-12   |08-11-062-12W5M|CR-OIL PUMP|54.345928|-115.680105|company|Carson Creek|comment|Alberta
100 / 08-11-062-12 W5 / 2|ACCEL HOLDINGS CARSONN 8-11-62-12   |08-11-062-12W5M|COMM|54.345928|-115.680105|company|Carson Creek|comment|Alberta
100 / 08-11-062-13 W5 / 0|ACCEL HOLDINGS CARSONN 8-11-62-13   |08-11-062-13W5M|WATER SUSP INJ|54.346553|-115.830719|company|Carson Creek|comment|Alberta
100 / 08-11-062-13 W5 / 2|ACCEL HOLDINGS CARSONN 8-11-62-13   |08-11-062-13W5M|COMM|54.346553|-115.830719|company|Carson Creek|comment|Alberta
100 / 08-12-062-13 W5 / 0|ACCEL HOLDINGS CARSONN 8-12-62-13   |08-12-062-13W5M|CR-OIL ABDWHP|54.347556|-115.806136|company|Carson Creek|comment|Alberta
100 / 08-12-062-13 W5 / 2|ACCEL HOLDINGS CARSONN 8-12-62-13   |08-12-062-13W5M|ABDWHP|54.347556|-115.806136|company|Carson Creek|comment|Alberta
100 / 10-12-062-13 W5 / 3|ACCEL HOLDINGS CARSONN 8-12-62-13   |08-12-062-13W5M|CR-OIL SUSP|54.347556|-115.806136|company|Carson Creek|comment|Alberta
100 / 08-17-062-12 W5 / 0|ACCEL HOLDINGS CARSONN 8-17-62-12   |08-17-062-12W5M|WATER INJ|54.361025|-115.756166|company|Carson Creek|comment|Alberta
100 / 08-17-062-12 W5 / 2|ACCEL HOLDINGS CARSONN 8-17-62-12   |08-17-062-12W5M|COMM|54.361025|-115.756166|company|Carson Creek|comment|Alberta
100 / 08-02-062-12 W5 / 0|ACCEL HOLDINGS CARSONN 8-2-62-12    |08-02-062-12W5M|WATER INJ|54.332356|-115.680855|company|Carson Creek|comment|Alberta
100 / 08-03-062-12 W5 / 0|ACCEL HOLDINGS CARSONN 8-3-62-12    |08-03-062-12W5M|CR-OIL ABZONE|54.332389|-115.704706|company|Carson Creek|comment|Alberta
100 / 08-03-062-12 W5 / 2|ACCEL HOLDINGS CARSONN 8-3-62-12    |08-03-062-12W5M|CR-OIL PUMP|54.332389|-115.704706|company|Carson Creek|comment|Alberta
102 / 06-35-061-12 W5 / 2|ACCEL HOLDINGS CARSONN 8-35-61-12   |08-35-061-12W5M|ABD|54.318731|-115.680662|company|Carson Creek|comment|Alberta
100 / 08-35-061-12 W5 / 0|ACCEL HOLDINGS CARSONN 8-35-61-12   |08-35-061-12W5M|ABDWHP|54.318731|-115.680662|company|Carson Creek|comment|Alberta
100 / 08-04-062-12 W5 / 0|ACCEL HOLDINGS CARSONN 8-4-62-12    |08-04-062-12W5M|WATER INJ|54.333941|-115.729601|company|Carson Creek|comment|Alberta
100 / 08-07-062-11 W5 / 0|ACCEL HOLDINGS CARSONN 8-7-62-11    |08-07-062-11W5M|CR-OIL SUSP|54.346216|-115.627377|company|Carson Creek|comment|Alberta
100 / 08-09-062-12 W5 / 0|ACCEL HOLDINGS CARSONN 8-9-62-12    |08-09-062-12W5M|CR-OIL PUMP|54.345143|-115.72966|company|Carson Creek|comment|Alberta
100 / 08-09-062-12 W5 / 2|ACCEL HOLDINGS CARSONN 8-9-62-12    |08-09-062-12W5M|COMM|54.345143|-115.72966|company|Carson Creek|comment|Alberta
100 / 09-10-062-12 W5 / 0|ACCEL HOLDINGS CARSONN 9-10-62-12   |09-10-062-12W5M|CR-OIL PUMP|54.34868|-115.706248|company|Carson Creek|comment|Alberta
100 / 09-11-062-12 W5 / 0|ACCEL HOLDINGS CARSONN 9-11-62-12   |09-11-062-12W5M|CR-OIL SUSP|54.350459|-115.681971|company|Carson Creek|comment|Alberta
100 / 09-11-062-12 W5 / 2|ACCEL HOLDINGS CARSONN 9-11-62-12   |09-11-062-12W5M|DRL&C|54.350459|-115.681971|company|Carson Creek|comment|Alberta
100 / 09-15-062-12 W5 / 0|ACCEL HOLDINGS CARSONN 9-15-62-12   |09-15-062-12W5M|WATER INJ|54.36543|-115.705257|company|Carson Creek|comment|Alberta
100 / 09-08-062-12 W5 / 0|ACCEL HOLDINGS CARSONN 9-8-62-12    |09-08-062-12W5M|WATER INJ|54.349582|-115.755444|company|Carson Creek|comment|Alberta
100 / 09-08-062-12 W5 / 2|ACCEL HOLDINGS CARSONN 9-8-62-12    |09-08-062-12W5M||54.349582|-115.755444|company|Carson Creek|comment|Alberta
100 / 09-09-062-12 W5 / 0|ACCEL HOLDINGS CARSONN 9-9-62-12    |09-09-062-12W5M|WATER INJ|54.352144|-115.726936|company|Carson Creek|comment|Alberta
100 / 01-26-060-13 W5 / 0|ACCEL HOLDINGS WHCOURT 1-26-60-13   |01-26-060-13W5M|ABZONE|54.21245|-115.831303|company|Carson Creek|comment|Alberta
100 / 01-26-060-13 W5 / 2|ACCEL HOLDINGS WHCOURT 1-26-60-13   |01-26-060-13W5M|ABD|54.21245|-115.831303|company|Carson Creek|comment|Alberta
100 / 10-10-061-11 W5 / 0|ACCEL HOLDINGS WHCOURT 10-10-61-11  |10-10-061-11W5M|ABZONE|54.263845|-115.560189|company|Carson Creek|comment|Alberta
100 / 10-10-061-11 W5 / 2|ACCEL HOLDINGS WHCOURT 10-10-61-11  |10-10-061-11W5M|ABD|54.263845|-115.560189|company|Carson Creek|comment|Alberta
100 / 12-02-061-11 W5 / 0|ACCEL HOLDINGS WHCOURT 12-2-61-11   |12-02-061-11W5M|GAS ABZONE|54.247181|-115.546239|company|Carson Creek|comment|Alberta
100 / 12-02-061-11 W5 / 2|ACCEL HOLDINGS WHCOURT 12-2-61-11   |12-02-061-11W5M|CR-OIL ABD|54.247181|-115.546239|company|Carson Creek|comment|Alberta
102 / 08-24-060-12 W5 / 0|ACCEL HOLDINGS WHCOURT 8-24-60-12   |02-24-060-12W5M|ABZONE|54.197164|-115.658544|company|Carson Creek|comment|Alberta
102 / 08-24-060-12 W5 / 2|ACCEL HOLDINGS WHCOURT 8-24-60-12   |02-24-060-12W5M|ABZONE|54.197164|-115.658544|company|Carson Creek|comment|Alberta
102 / 08-24-060-12 W5 / 3|ACCEL HOLDINGS WHCOURT 8-24-60-12   |02-24-060-12W5M|ABZONE|54.197164|-115.658544|company|Carson Creek|comment|Alberta